avg_num_sentences,avg_num_words,avg_num_nouns,avg_num_verbs,avg_num_stopwords
64.29333333333334,1805.4266666666667,490.44666666666666,285.67333333333335,686.36
