avg_num_sentences,avg_num_words,avg_num_nouns,avg_num_verbs,avg_num_stopwords
64.29333333333334,1805.4066666666668,490.46666666666664,285.6,686.3666666666667
